home_team,away_team,home_odds,away_odds,draw_odds
Tampa Bay Lightning,Nashville Predators,2.03,3.15,4.6
Pittsburgh Penguins,Chicago Blackhawks,1.69,4.35,5.0
Vegas Golden Knights,Seattle Kraken,2.0,3.22,4.6
Carolina Hurricanes,Ottawa Senators,1.85,3.65,4.5
Toronto Maple Leafs,Montreal Canadiens,1.6,4.9,4.85
Boston Bruins,Chicago Blackhawks,1.52,5.5,5.35
Los Angeles Kings,Colorado Avalanche,2.86,2.3,4.55
Vancouver Canucks,Edmonton Oilers,3.15,2.04,4.5
Calgary Flames,Winnipeg Jets,2.2,2.89,4.35
Buffalo Sabres,NY Rangers,2.8,2.22,4.4
Columbus Blue Jackets,Philadelphia Flyers,2.34,2.65,4.3
New Jersey Devils,Detroit Red Wings,1.71,4.33,4.75
Dallas Stars,St. Louis Blues,1.83,4.0,4.8
Minnesota Wild,Florida Panthers,2.2,2.8,4.3
Nashville Predators,Seattle Kraken,2.44,2.55,4.25
San Jose Sharks,Vegas Golden Knights,4.33,1.68,4.9
New Jersey Devils,Arizona Coyotes,1.68,4.2,5.0
Washington Capitals,Pittsburgh Penguins,2.65,2.3,4.55
Ottawa Senators,Philadelphia Flyers,1.9,3.55,4.5
Winnipeg Jets,Florida Panthers,2.16,2.85,4.55
Boston Bruins,Nashville Predators,1.91,3.5,4.5
Columbus Blue Jackets,NY Rangers,4.0,1.76,4.85
Detroit Red Wings,Tampa Bay Lightning,2.65,2.3,4.6
Montreal Canadiens,Chicago Blackhawks,2.12,3.1,4.55
Pittsburgh Penguins,Calgary Flames,2.48,2.48,4.55
Toronto Maple Leafs,Minnesota Wild,2.04,3.35,4.65
NY Islanders,Buffalo Sabres,2.14,2.95,4.55
St. Louis Blues,Seattle Kraken,2.5,2.45,4.45
San Jose Sharks,Colorado Avalanche,5.0,1.58,5.2
Vegas Golden Knights,Anaheim Ducks,1.51,5.5,5.3
Edmonton Oilers,Vancouver Canucks,1.74,4.1,5.0
Los Angeles Kings,Carolina Hurricanes,2.75,2.23,4.45
Ottawa Senators,Tampa Bay Lightning,2.2,2.8,4.55
Anaheim Ducks,Carolina Hurricanes,4.9,1.58,5.1
Columbus Blue Jackets,Detroit Red Wings,2.8,2.17,4.4
New Jersey Devils,Florida Panthers,2.01,3.54,4.6
NY Rangers,Arizona Coyotes,1.72,4.2,4.8
Toronto Maple Leafs,Chicago Blackhawks,1.5,5.5,5.3
Washington Capitals,Calgary Flames,2.7,2.28,4.4
Philadelphia Flyers,Vancouver Canucks,2.88,2.14,4.5
Montreal Canadiens,Minnesota Wild,2.95,2.1,4.5
Buffalo Sabres,Tampa Bay Lightning,2.3,2.65,4.7
NY Islanders,Arizona Coyotes,1.82,3.8,4.55
Nashville Predators,Edmonton Oilers,2.8,2.23,4.7
Winnipeg Jets,Los Angeles Kings,2.16,2.95,4.55
Seattle Kraken,Colorado Avalanche,3.15,2.02,4.5
San Jose Sharks,Carolina Hurricanes,5.25,1.52,5.25
Vegas Golden Knights,Dallas Stars,2.6,2.52,4.5
Ottawa Senators,Washington Capitals,1.91,3.38,4.65
Detroit Red Wings,Pittsburgh Penguins,2.75,2.23,4.45
Buffalo Sabres,Calgary Flames,2.55,2.35,4.6
Florida Panthers,Toronto Maple Leafs,2.75,2.2,4.7
NY Rangers,Nashville Predators,1.84,3.6,4.7
Tampa Bay Lightning,Vancouver Canucks,2.2,2.8,4.6
Philadelphia Flyers,Edmonton Oilers,3.7,1.82,4.8
Minnesota Wild,Los Angeles Kings,2.55,2.59,4.5
St. Louis Blues,Arizona Coyotes,2.35,2.55,4.45
Winnipeg Jets,Vegas Golden Knights,2.55,2.43,4.45
Anaheim Ducks,Dallas Stars,4.35,1.67,4.9
Seattle Kraken,Carolina Hurricanes,2.9,2.18,4.45
San Jose Sharks,Boston Bruins,4.75,1.62,4.9
Colorado Avalanche,Chicago Blackhawks,1.49,5.8,5.35
Columbus Blue Jackets,Calgary Flames,3.0,2.08,4.65
NY Islanders,New Jersey Devils,2.63,2.35,4.4
Ottawa Senators,Detroit Red Wings,2.0,3.15,4.75
Arizona Coyotes,Anaheim Ducks,1.86,3.5,4.7
Buffalo Sabres,NY Islanders,2.32,2.7,4.5
Florida Panthers,Vancouver Canucks,2.12,2.94,4.65
Montreal Canadiens,Washington Capitals,2.65,2.35,4.5
Tampa Bay Lightning,Toronto Maple Leafs,2.9,2.12,4.7
Chicago Blackhawks,Vegas Golden Knights,4.0,1.74,4.75
Dallas Stars,Philadelphia Flyers,1.68,4.25,4.8
Minnesota Wild,Columbus Blue Jackets,1.73,4.1,4.9
Nashville Predators,San Jose Sharks,1.68,4.33,4.8
St. Louis Blues,Pittsburgh Penguins,3.2,1.98,4.6
Colorado Avalanche,Carolina Hurricanes,2.2,3.13,4.35
Seattle Kraken,NY Rangers,2.6,2.4,4.45
Edmonton Oilers,Winnipeg Jets,1.98,3.28,4.65
Los Angeles Kings,Boston Bruins,2.48,2.48,4.33
Detroit Red Wings,Calgary Flames,2.9,2.12,4.6
Anaheim Ducks,Boston Bruins,4.5,1.7,4.85
Buffalo Sabres,Montreal Canadiens,1.87,3.5,4.85
Washington Capitals,Toronto Maple Leafs,3.2,1.93,4.7
Ottawa Senators,Buffalo Sabres,1.86,3.5,4.75
Tampa Bay Lightning,Carolina Hurricanes,2.7,2.28,4.45
Montreal Canadiens,New Jersey Devils,4.25,1.7,4.95
Pittsburgh Penguins,Dallas Stars,2.75,2.23,4.4
Florida Panthers,San Jose Sharks,1.65,4.4,5.05
NY Islanders,Colorado Avalanche,2.8,2.2,4.5
Detroit Red Wings,Seattle Kraken,2.3,2.66,4.4
Chicago Blackhawks,Boston Bruins,4.2,1.72,4.65
Winnipeg Jets,St. Louis Blues,1.89,3.45,4.55
Minnesota Wild,Edmonton Oilers,2.45,2.5,4.4
Nashville Predators,Vancouver Canucks,2.28,2.7,4.35
Calgary Flames,NY Rangers,2.8,2.38,4.45
Los Angeles Kings,Arizona Coyotes,1.84,3.5,4.7
Vegas Golden Knights,Philadelphia Flyers,1.8,3.7,4.8
New Jersey Devils,Washington Capitals,1.65,4.2,5.05
Boston Bruins,Anaheim Ducks,1.55,5.0,5.5
Carolina Hurricanes,Seattle Kraken,1.84,3.65,4.75
Detroit Red Wings,Winnipeg Jets,2.7,2.28,4.55
Montreal Canadiens,Columbus Blue Jackets,2.38,2.55,4.55
Pittsburgh Penguins,Colorado Avalanche,2.9,2.1,4.65
Tampa Bay Lightning,San Jose Sharks,1.57,4.75,5.4
Philadelphia Flyers,Minnesota Wild,2.6,2.35,4.45
NY Islanders,Ottawa Senators,2.38,2.65,4.4
Dallas Stars,Toronto Maple Leafs,2.4,2.5,4.5
Calgary Flames,St. Louis Blues,1.9,3.5,4.6
Edmonton Oilers,NY Rangers,2.81,2.31,4.65
Vegas Golden Knights,Chicago Blackhawks,1.51,5.75,5.75
Carolina Hurricanes,San Jose Sharks,1.42,6.5,5.9
New Jersey Devils,Buffalo Sabres,1.84,3.55,4.75
Washington Capitals,Minnesota Wild,2.27,2.75,4.33
Arizona Coyotes,Los Angeles Kings,2.96,2.24,4.55
Vancouver Canucks,St. Louis Blues,1.86,3.55,4.5
Philadelphia Flyers,Anaheim Ducks,1.93,3.35,4.6
Florida Panthers,Seattle Kraken,2.07,3.0,4.55
Nashville Predators,Toronto Maple Leafs,2.88,2.13,4.5
Boston Bruins,Detroit Red Wings,1.93,3.66,4.8
Columbus Blue Jackets,NY Islanders,2.9,2.1,4.5
Montreal Canadiens,Winnipeg Jets,3.1,2.05,4.6
Pittsburgh Penguins,Ottawa Senators,2.08,3.0,4.7
Vancouver Canucks,NY Rangers,3.25,1.98,4.5
Los Angeles Kings,Vegas Golden Knights,2.5,2.48,4.45
Buffalo Sabres,Colorado Avalanche,3.45,1.91,4.65
New Jersey Devils,Minnesota Wild,1.95,3.2,4.6
Washington Capitals,San Jose Sharks,1.77,4.2,4.55
Edmonton Oilers,Calgary Flames,2.01,3.2,4.5
Boston Bruins,Florida Panthers,2.0,3.2,4.6
Philadelphia Flyers,Carolina Hurricanes,3.5,1.88,4.8
Pittsburgh Penguins,Anaheim Ducks,1.67,4.3,4.95
Tampa Bay Lightning,Seattle Kraken,2.1,2.95,4.55
Winnipeg Jets,NY Rangers,2.72,2.4,4.55
NY Islanders,Detroit Red Wings,2.03,3.25,4.45
Dallas Stars,Columbus Blue Jackets,1.6,4.5,5.2
Arizona Coyotes,Chicago Blackhawks,1.9,3.6,4.55
Vegas Golden Knights,Montreal Canadiens,1.68,4.4,4.9
Toronto Maple Leafs,Los Angeles Kings,2.05,3.05,4.7
Vancouver Canucks,Nashville Predators,2.1,3.05,4.55
Philadelphia Flyers,Buffalo Sabres,2.48,2.48,4.6
Calgary Flames,Dallas Stars,2.9,2.15,4.35
Colorado Avalanche,St. Louis Blues,1.74,4.25,5.0
Anaheim Ducks,Arizona Coyotes,2.85,2.21,4.5
Columbus Blue Jackets,Tampa Bay Lightning,3.25,2.02,4.7
Detroit Red Wings,Florida Panthers,2.65,2.3,4.6
NY Rangers,Carolina Hurricanes,2.43,2.55,4.35
Ottawa Senators,Los Angeles Kings,2.48,2.48,4.55
Washington Capitals,NY Islanders,2.56,2.38,4.4
Boston Bruins,Toronto Maple Leafs,2.48,2.45,4.4
Minnesota Wild,New Jersey Devils,2.55,2.43,4.6
Edmonton Oilers,Dallas Stars,2.13,3.1,4.75
Arizona Coyotes,Montreal Canadiens,2.32,2.65,4.5
Seattle Kraken,Nashville Predators,2.32,2.65,4.4
Vegas Golden Knights,Winnipeg Jets,2.15,2.88,4.4
San Jose Sharks,Vancouver Canucks,4.0,1.7,4.9
Buffalo Sabres,Philadelphia Flyers,1.96,3.25,4.6
St. Louis Blues,New Jersey Devils,3.0,2.1,4.5
Edmonton Oilers,Nashville Predators,1.9,3.4,4.65
Arizona Coyotes,Winnipeg Jets,2.81,2.25,4.33
Ottawa Senators,Tampa Bay Lightning,2.38,2.55,4.6
Toronto Maple Leafs,Buffalo Sabres,1.83,3.85,4.95
Washington Capitals,Columbus Blue Jackets,2.08,3.0,4.6
St. Louis Blues,Montreal Canadiens,2.35,2.6,4.5
Detroit Red Wings,Boston Bruins,2.9,2.16,4.4
Philadelphia Flyers,Los Angeles Kings,3.45,2.0,4.65
NY Islanders,Carolina Hurricanes,2.75,2.3,4.4
Chicago Blackhawks,Florida Panthers,3.6,1.85,4.65
Minnesota Wild,NY Rangers,2.43,2.69,4.55
Seattle Kraken,Calgary Flames,2.35,2.75,4.45
San Jose Sharks,Pittsburgh Penguins,4.33,1.67,5.0
Vancouver Canucks,Dallas Stars,2.63,2.32,4.45
Vegas Golden Knights,Colorado Avalanche,2.6,2.37,4.4
Chicago Blackhawks,New Jersey Devils,3.7,1.78,4.55
Anaheim Ducks,Vegas Golden Knights,3.3,1.93,4.4
Florida Panthers,Columbus Blue Jackets,1.71,4.1,4.9
Toronto Maple Leafs,Tampa Bay Lightning,2.06,3.05,4.7
Dallas Stars,Boston Bruins,2.1,3.0,4.35
Vancouver Canucks,Edmonton Oilers,2.43,2.4,4.7
Carolina Hurricanes,Buffalo Sabres,1.73,4.1,4.95
Montreal Canadiens,Tampa Bay Lightning,2.85,2.18,4.65
NY Islanders,Minnesota Wild,2.4,2.55,4.4
NY Rangers,Detroit Red Wings,2.13,3.13,4.65
St. Louis Blues,Winnipeg Jets,2.9,2.16,4.45
Arizona Coyotes,Seattle Kraken,2.45,2.48,4.45
Calgary Flames,Nashville Predators,2.24,2.75,4.4
Anaheim Ducks,Pittsburgh Penguins,3.4,1.91,4.75
Colorado Avalanche,New Jersey Devils,1.89,3.7,4.65
San Jose Sharks,Philadelphia Flyers,3.95,1.75,4.9
Toronto Maple Leafs,Ottawa Senators,1.93,3.25,4.75
Washington Capitals,Florida Panthers,2.95,2.1,4.55
Vegas Golden Knights,Los Angeles Kings,2.28,2.7,4.3
Boston Bruins,NY Islanders,2.17,3.02,4.3
Detroit Red Wings,Montreal Canadiens,1.89,3.5,4.7
NY Rangers,Minnesota Wild,2.29,2.7,4.4
Ottawa Senators,Vancouver Canucks,2.61,2.35,4.6
Tampa Bay Lightning,Chicago Blackhawks,1.7,4.2,4.85
Columbus Blue Jackets,Dallas Stars,3.9,1.78,4.7
St. Louis Blues,Arizona Coyotes,2.38,2.58,4.6
Winnipeg Jets,Nashville Predators,2.2,2.85,4.4
Colorado Avalanche,Seattle Kraken,1.81,3.65,4.7
Los Angeles Kings,Pittsburgh Penguins,2.43,2.7,4.65
San Jose Sharks,Edmonton Oilers,5.75,1.49,5.6
Buffalo Sabres,Minnesota Wild,2.39,2.55,4.6
Florida Panthers,Carolina Hurricanes,2.98,2.23,4.65
New Jersey Devils,Washington Capitals,1.86,3.65,4.7
Toronto Maple Leafs,Calgary Flames,2.02,3.15,4.55
Anaheim Ducks,Philadelphia Flyers,2.55,2.38,4.5
Vegas Golden Knights,San Jose Sharks,1.34,7.5,6.3
Detroit Red Wings,Columbus Blue Jackets,2.0,3.25,4.65
Winnipeg Jets,Dallas Stars,2.65,2.38,4.4
Montreal Canadiens,Boston Bruins,3.65,1.83,4.6
Ottawa Senators,Calgary Flames,2.18,2.85,4.65
Tampa Bay Lightning,Carolina Hurricanes,2.8,2.25,4.6
Toronto Maple Leafs,Vancouver Canucks,2.39,2.7,4.65
NY Islanders,Washington Capitals,1.93,3.35,4.55
Pittsburgh Penguins,Buffalo Sabres,1.85,3.5,4.85
Nashville Predators,Arizona Coyotes,2.06,3.0,4.5
Colorado Avalanche,St. Louis Blues,1.71,4.2,4.9
Seattle Kraken,Edmonton Oilers,2.75,2.23,4.65
Los Angeles Kings,Philadelphia Flyers,1.72,4.0,4.85
Florida Panthers,Chicago Blackhawks,1.58,4.8,5.05
Minnesota Wild,Dallas Stars,2.78,2.4,4.45
Montreal Canadiens,Vancouver Canucks,3.3,1.97,4.6
NY Rangers,Columbus Blue Jackets,1.68,4.2,4.85
Anaheim Ducks,San Jose Sharks,1.81,3.75,4.7
Edmonton Oilers,NY Islanders,2.04,3.1,4.45
Seattle Kraken,Colorado Avalanche,3.05,2.06,4.4
Buffalo Sabres,Boston Bruins,3.0,2.08,4.5
Columbus Blue Jackets,Pittsburgh Penguins,3.45,1.87,4.75
Montreal Canadiens,Calgary Flames,3.15,2.02,4.5
Washington Capitals,Vegas Golden Knights,3.1,2.05,4.45
Dallas Stars,Arizona Coyotes,1.71,4.0,4.8
Nashville Predators,Anaheim Ducks,1.9,3.4,4.6
St. Louis Blues,Tampa Bay Lightning,2.8,2.18,4.6
Winnipeg Jets,New Jersey Devils,2.2,2.95,4.8
San Jose Sharks,Florida Panthers,4.75,1.58,5.2
Carolina Hurricanes,Philadelphia Flyers,1.7,4.0,4.9
Edmonton Oilers,Seattle Kraken,1.85,3.65,4.85
Colorado Avalanche,Anaheim Ducks,1.55,5.0,5.3
Vancouver Canucks,NY Islanders,2.06,3.1,4.5
Ottawa Senators,Detroit Red Wings,2.23,2.75,4.6
Columbus Blue Jackets,Arizona Coyotes,2.63,2.35,4.6
Montreal Canadiens,Vegas Golden Knights,3.55,1.82,4.75
Pittsburgh Penguins,New Jersey Devils,2.08,2.95,4.65
Calgary Flames,Vancouver Canucks,2.1,2.95,4.6
Seattle Kraken,NY Islanders,2.4,2.55,4.4
Los Angeles Kings,Florida Panthers,2.3,2.81,4.7
San Jose Sharks,St. Louis Blues,4.0,1.74,4.8
Detroit Red Wings,Toronto Maple Leafs,3.38,1.91,4.6
Winnipeg Jets,Buffalo Sabres,1.86,3.5,4.6
Anaheim Ducks,Florida Panthers,3.35,1.95,4.55
Ottawa Senators,Minnesota Wild,2.5,2.45,4.6
Philadelphia Flyers,Vegas Golden Knights,3.15,2.02,4.5
Nashville Predators,Chicago Blackhawks,1.86,3.55,4.65
Tampa Bay Lightning,Edmonton Oilers,2.85,2.24,4.9
Calgary Flames,NY Islanders,2.13,2.9,4.4
Winnipeg Jets,Arizona Coyotes,2.05,3.05,4.6
Boston Bruins,Montreal Canadiens,1.63,4.55,4.95
Carolina Hurricanes,Pittsburgh Penguins,1.96,3.3,4.65
New Jersey Devils,NY Rangers,2.43,2.5,4.4
Washington Capitals,Columbus Blue Jackets,2.02,3.15,4.55
Dallas Stars,Colorado Avalanche,2.25,2.75,4.5
Vancouver Canucks,Seattle Kraken,2.0,3.2,4.6
Los Angeles Kings,St. Louis Blues,1.86,3.5,4.6
Minnesota Wild,Toronto Maple Leafs,3.15,1.98,4.7
Philadelphia Flyers,Columbus Blue Jackets,1.95,3.2,4.75
Pittsburgh Penguins,Vegas Golden Knights,2.71,2.39,4.65
Chicago Blackhawks,Buffalo Sabres,3.35,1.96,4.65
Anaheim Ducks,St. Louis Blues,2.45,2.5,4.5
Florida Panthers,Edmonton Oilers,2.38,2.55,4.65
Tampa Bay Lightning,Boston Bruins,2.9,2.16,4.45
Dallas Stars,NY Rangers,2.38,2.8,4.5
Nashville Predators,Colorado Avalanche,3.2,2.0,4.4
Arizona Coyotes,Los Angeles Kings,3.0,2.07,4.6
Seattle Kraken,Calgary Flames,2.38,2.55,4.45
Vancouver Canucks,San Jose Sharks,1.46,5.75,5.75
Carolina Hurricanes,Edmonton Oilers,2.1,2.95,4.6
Columbus Blue Jackets,Chicago Blackhawks,2.15,2.9,4.45
Detroit Red Wings,New Jersey Devils,3.0,2.04,4.65
Florida Panthers,Boston Bruins,2.51,2.61,4.5
Pittsburgh Penguins,NY Rangers,2.35,2.55,4.5
Tampa Bay Lightning,Winnipeg Jets,2.5,2.43,4.4
Washington Capitals,Buffalo Sabres,2.25,2.7,4.4
NY Islanders,Philadelphia Flyers,2.06,3.15,4.4
Arizona Coyotes,St. Louis Blues,2.36,2.6,4.33
Nashville Predators,Calgary Flames,2.5,2.48,4.3
Dallas Stars,Vegas Golden Knights,2.23,2.8,4.3
Seattle Kraken,San Jose Sharks,1.6,5.0,4.95
Colorado Avalanche,Vancouver Canucks,1.97,3.3,4.5
Anaheim Ducks,Montreal Canadiens,2.3,2.65,4.35
Boston Bruins,Detroit Red Wings,1.84,3.58,4.7
Philadelphia Flyers,NY Rangers,3.05,2.07,4.4
Chicago Blackhawks,Toronto Maple Leafs,4.33,1.76,5.05
St. Louis Blues,Nashville Predators,2.4,2.85,4.45
New Jersey Devils,Columbus Blue Jackets,1.67,4.25,5.05
Washington Capitals,Edmonton Oilers,2.85,2.45,4.65
Anaheim Ducks,Los Angeles Kings,3.6,1.97,4.7
San Jose Sharks,Montreal Canadiens,2.85,2.33,4.5
Buffalo Sabres,Pittsburgh Penguins,2.55,2.5,4.6
Ottawa Senators,NY Islanders,2.38,2.75,4.5
Carolina Hurricanes,Tampa Bay Lightning,1.98,3.2,4.55
Florida Panthers,Winnipeg Jets,2.1,2.95,4.6
Dallas Stars,Calgary Flames,1.91,3.35,4.6
Minnesota Wild,Colorado Avalanche,2.83,2.31,4.6
Seattle Kraken,Vancouver Canucks,2.47,2.5,4.6
NY Rangers,Boston Bruins,2.71,2.45,4.4
Los Angeles Kings,Montreal Canadiens,1.6,4.5,5.4
New Jersey Devils,Buffalo Sabres,1.85,3.45,4.85
Pittsburgh Penguins,Toronto Maple Leafs,2.63,2.29,4.6
NY Islanders,Philadelphia Flyers,2.04,3.0,4.5
San Jose Sharks,Vancouver Canucks,4.5,1.58,5.15
Vegas Golden Knights,Arizona Coyotes,1.76,3.74,4.75
Colorado Avalanche,Calgary Flames,1.96,3.1,4.65
Detroit Red Wings,Minnesota Wild,2.5,2.33,4.5
Chicago Blackhawks,St. Louis Blues,3.05,2.06,4.55
Carolina Hurricanes,Columbus Blue Jackets,1.52,5.0,5.25
Nashville Predators,Winnipeg Jets,2.49,2.53,4.85
Edmonton Oilers,Anaheim Ducks,1.55,4.65,5.35
Columbus Blue Jackets,Boston Bruins,4.6,1.59,5.0
NY Rangers,Buffalo Sabres,1.69,4.2,4.75
Ottawa Senators,Florida Panthers,2.72,2.18,4.55
Colorado Avalanche,Tampa Bay Lightning,2.15,2.8,4.5
Calgary Flames,Vegas Golden Knights,2.65,2.47,4.5
San Jose Sharks,Washington Capitals,4.2,1.68,4.65
New Jersey Devils,NY Islanders,2.0,3.15,4.55
Toronto Maple Leafs,Florida Panthers,2.24,2.89,4.75
Philadelphia Flyers,Carolina Hurricanes,3.1,2.02,4.5
Minnesota Wild,St. Louis Blues,1.98,3.15,4.6
Nashville Predators,Pittsburgh Penguins,2.45,2.45,4.45
Winnipeg Jets,Dallas Stars,2.6,2.29,4.4
Chicago Blackhawks,Seattle Kraken,3.4,1.9,4.6
Arizona Coyotes,Tampa Bay Lightning,2.61,2.3,4.6
Edmonton Oilers,Vegas Golden Knights,2.04,2.95,4.6
Vancouver Canucks,Anaheim Ducks,1.61,4.35,5.15
Columbus Blue Jackets,Montreal Canadiens,2.16,2.7,4.55
NY Rangers,Detroit Red Wings,1.81,3.6,4.6
Los Angeles Kings,Washington Capitals,1.77,3.75,4.7
Boston Bruins,San Jose Sharks,1.32,8.0,6.45
Detroit Red Wings,Chicago Blackhawks,1.84,3.55,4.5
Montreal Canadiens,Florida Panthers,4.33,1.65,4.85
Philadelphia Flyers,New Jersey Devils,2.8,2.13,4.33
Tampa Bay Lightning,Pittsburgh Penguins,2.16,2.76,4.4
Toronto Maple Leafs,Seattle Kraken,1.9,3.3,4.5
Carolina Hurricanes,NY Islanders,1.85,3.55,4.6
Nashville Predators,Minnesota Wild,2.32,2.6,4.3
St. Louis Blues,Buffalo Sabres,2.25,2.6,4.4
Winnipeg Jets,Edmonton Oilers,2.61,2.47,4.65
Arizona Coyotes,Colorado Avalanche,3.45,1.86,4.55
Calgary Flames,Dallas Stars,2.65,2.25,4.3
Anaheim Ducks,Washington Capitals,2.57,2.32,4.25
Vancouver Canucks,Vegas Golden Knights,2.29,2.6,4.3
Columbus Blue Jackets,Ottawa Senators,3.05,1.98,4.5
New Jersey Devils,San Jose Sharks,1.37,7.0,6.0
Dallas Stars,Tampa Bay Lightning,2.11,2.85,4.45
Winnipeg Jets,Chicago Blackhawks,1.56,4.75,5.05
Nashville Predators,NY Rangers,3.15,1.97,4.4
Florida Panthers,NY Islanders,1.95,3.25,4.45
Carolina Hurricanes,Buffalo Sabres,1.66,4.33,4.85
Montreal Canadiens,Detroit Red Wings,3.0,2.03,4.45
Ottawa Senators,Seattle Kraken,2.26,2.65,4.5
Pittsburgh Penguins,Philadelphia Flyers,2.03,3.38,4.65
Toronto Maple Leafs,Boston Bruins,2.47,2.4,4.3
Arizona Coyotes,St. Louis Blues,2.25,2.65,4.4
Anaheim Ducks,Colorado Avalanche,4.0,1.71,4.9
Vegas Golden Knights,Washington Capitals,1.84,3.5,4.5
Calgary Flames,Vancouver Canucks,2.31,2.55,4.4
Minnesota Wild,Chicago Blackhawks,1.51,5.1,5.2
NY Rangers,San Jose Sharks,1.43,6.25,5.8
Boston Bruins,Columbus Blue Jackets,1.64,4.5,4.9
Buffalo Sabres,Nashville Predators,2.51,2.4,4.5
Los Angeles Kings,Colorado Avalanche,2.15,3.15,4.65
Philadelphia Flyers,Pittsburgh Penguins,2.52,2.35,4.5
Tampa Bay Lightning,Dallas Stars,2.71,2.42,4.5
Winnipeg Jets,Carolina Hurricanes,2.88,2.08,4.55
Montreal Canadiens,Seattle Kraken,3.05,2.01,4.5
Arizona Coyotes,Washington Capitals,2.22,2.68,4.35
Vegas Golden Knights,St. Louis Blues,1.82,3.56,4.7
Columbus Blue Jackets,Los Angeles Kings,3.85,1.75,4.75
Ottawa Senators,NY Rangers,3.0,2.03,4.45
Buffalo Sabres,Detroit Red Wings,2.67,2.21,4.5
NY Islanders,San Jose Sharks,1.51,5.25,5.15
Chicago Blackhawks,Nashville Predators,3.3,1.9,4.5
Calgary Flames,Minnesota Wild,2.47,2.39,4.4
Colorado Avalanche,Anaheim Ducks,1.58,4.55,5.0
Vancouver Canucks,New Jersey Devils,2.61,2.48,4.6
Florida Panthers,Dallas Stars,2.29,2.65,4.33
Tampa Bay Lightning,Pittsburgh Penguins,2.22,2.78,4.33
St. Louis Blues,Vegas Golden Knights,3.35,2.06,4.5
Edmonton Oilers,Carolina Hurricanes,2.35,2.45,4.55
Boston Bruins,Buffalo Sabres,1.59,4.55,4.95
Detroit Red Wings,San Jose Sharks,1.51,5.1,5.2
Montreal Canadiens,Los Angeles Kings,4.0,1.71,4.7
Ottawa Senators,Toronto Maple Leafs,2.65,2.21,4.5
NY Islanders,Columbus Blue Jackets,1.86,3.42,4.55
Washington Capitals,Dallas Stars,2.9,2.1,4.33
Nashville Predators,Tampa Bay Lightning,2.17,2.78,4.45
Chicago Blackhawks,Anaheim Ducks,2.45,2.39,4.33
Arizona Coyotes,Philadelphia Flyers,2.49,2.4,4.3
Calgary Flames,Carolina Hurricanes,2.7,2.22,4.4
Colorado Avalanche,Winnipeg Jets,2.22,3.04,4.45
Vancouver Canucks,Minnesota Wild,2.34,2.8,4.45
Seattle Kraken,New Jersey Devils,2.85,2.1,4.55
Columbus Blue Jackets,St. Louis Blues,3.0,2.02,4.55
Florida Panthers,Pittsburgh Penguins,1.98,3.15,4.55
Edmonton Oilers,Minnesota Wild,1.8,3.55,4.8
Boston Bruins,Arizona Coyotes,1.75,3.8,4.6
Calgary Flames,New Jersey Devils,2.55,2.27,4.55
Dallas Stars,Vegas Golden Knights,2.29,2.6,4.4
Buffalo Sabres,Montreal Canadiens,1.91,3.3,4.65
Detroit Red Wings,Ottawa Senators,2.27,2.55,4.6
Toronto Maple Leafs,Nashville Predators,1.99,3.1,4.6
Washington Capitals,NY Rangers,3.65,1.97,4.5
NY Islanders,Los Angeles Kings,2.95,2.07,4.4
Chicago Blackhawks,St. Louis Blues,2.8,2.16,4.45
Colorado Avalanche,Philadelphia Flyers,1.89,3.3,4.6
Vancouver Canucks,Carolina Hurricanes,2.67,2.22,4.55
Seattle Kraken,Tampa Bay Lightning,2.55,2.32,4.4
Columbus Blue Jackets,Florida Panthers,4.2,1.67,5.0
Edmonton Oilers,New Jersey Devils,2.11,3.1,4.85
Chicago Blackhawks,Washington Capitals,3.15,1.98,4.5
Montreal Canadiens,Nashville Predators,3.1,1.98,4.55
NY Rangers,Los Angeles Kings,2.32,2.55,4.4
Anaheim Ducks,Winnipeg Jets,3.6,1.81,4.6
Seattle Kraken,Minnesota Wild,2.73,2.18,4.45
Vegas Golden Knights,San Jose Sharks,1.51,5.1,5.35
Buffalo Sabres,Arizona Coyotes,2.22,2.65,4.5
NY Islanders,Toronto Maple Leafs,2.6,2.27,4.45
Dallas Stars,Detroit Red Wings,1.77,3.75,4.7
Colorado Avalanche,Calgary Flames,1.9,3.3,4.6
NY Rangers,Toronto Maple Leafs,1.95,3.35,4.65
Ottawa Senators,Carolina Hurricanes,2.73,2.23,4.6
Pittsburgh Penguins,Arizona Coyotes,1.82,3.55,4.7
St. Louis Blues,Detroit Red Wings,2.1,2.8,4.55
Nashville Predators,Philadelphia Flyers,2.16,2.85,4.45
Seattle Kraken,Florida Panthers,3.15,1.99,4.5
Vancouver Canucks,Tampa Bay Lightning,2.38,2.73,4.65
Vegas Golden Knights,Calgary Flames,1.8,3.6,4.5
Edmonton Oilers,Chicago Blackhawks,1.36,6.7,6.15
San Jose Sharks,Winnipeg Jets,3.75,1.75,4.75
Montreal Canadiens,Pittsburgh Penguins,2.95,2.09,4.35
New Jersey Devils,Boston Bruins,2.29,2.6,4.35
NY Islanders,Anaheim Ducks,1.78,3.74,4.7
Colorado Avalanche,Buffalo Sabres,1.81,3.9,4.75
Los Angeles Kings,Winnipeg Jets,1.99,3.62,4.45
Philadelphia Flyers,Washington Capitals,2.18,2.75,4.4
Toronto Maple Leafs,Columbus Blue Jackets,1.67,4.1,5.0
Detroit Red Wings,Carolina Hurricanes,3.48,2.02,4.5
Minnesota Wild,Calgary Flames,2.07,2.95,4.55
St. Louis Blues,Ottawa Senators,2.62,2.29,4.6
Edmonton Oilers,Tampa Bay Lightning,1.94,3.25,4.75
Seattle Kraken,Chicago Blackhawks,1.68,4.0,4.75
Vancouver Canucks,Florida Panthers,2.6,2.29,4.5
NY Rangers,Anaheim Ducks,1.54,5.2,5.4
Carolina Hurricanes,Nashville Predators,1.93,3.25,4.5
NY Islanders,Boston Bruins,2.79,2.41,4.35
Dallas Stars,Ottawa Senators,1.75,3.94,4.9
Arizona Coyotes,San Jose Sharks,1.82,3.55,4.6
Vegas Golden Knights,Buffalo Sabres,1.75,3.98,4.9
Minnesota Wild,Vancouver Canucks,2.27,2.6,4.45
Winnipeg Jets,Colorado Avalanche,2.35,2.54,4.33
Boston Bruins,NY Rangers,2.34,2.55,4.3
Columbus Blue Jackets,New Jersey Devils,3.95,1.74,4.9
Montreal Canadiens,NY Islanders,2.6,2.29,4.4
Philadelphia Flyers,Detroit Red Wings,2.25,2.65,4.55
Toronto Maple Leafs,Pittsburgh Penguins,2.63,2.56,4.33
Nashville Predators,Washington Capitals,2.16,2.8,4.45
St. Louis Blues,Dallas Stars,2.8,2.13,4.45
Arizona Coyotes,Buffalo Sabres,2.45,2.4,4.45
Seattle Kraken,Los Angeles Kings,3.0,2.05,4.33
Calgary Flames,Tampa Bay Lightning,2.5,2.36,4.45
Edmonton Oilers,Florida Panthers,2.08,2.85,4.65
Chicago Blackhawks,Vancouver Canucks,4.0,1.77,4.75
Carolina Hurricanes,Washington Capitals,1.71,4.2,4.8
New Jersey Devils,Anaheim Ducks,1.61,4.4,5.1
Vegas Golden Knights,Ottawa Senators,2.0,3.5,4.6
Colorado Avalanche,San Jose Sharks,1.57,4.8,5.2
Detroit Red Wings,Anaheim Ducks,1.7,4.1,4.95
Pittsburgh Penguins,Minnesota Wild,2.42,2.77,4.35
Winnipeg Jets,Montreal Canadiens,1.68,4.25,4.8
Dallas Stars,Seattle Kraken,1.85,3.85,4.65
Calgary Flames,Florida Panthers,2.65,2.29,4.45
Boston Bruins,Minnesota Wild,1.7,4.0,4.8
Buffalo Sabres,Columbus Blue Jackets,1.83,3.4,4.85
Carolina Hurricanes,Vegas Golden Knights,2.23,2.94,4.65
New Jersey Devils,Philadelphia Flyers,1.97,3.1,4.6
Tampa Bay Lightning,St. Louis Blues,1.87,3.35,4.75
Toronto Maple Leafs,NY Rangers,2.42,2.4,4.45
NY Islanders,Edmonton Oilers,2.9,2.07,4.65
Nashville Predators,Vancouver Canucks,2.33,2.55,4.35
Chicago Blackhawks,Colorado Avalanche,4.05,1.68,4.85
Arizona Coyotes,Ottawa Senators,2.67,2.25,4.35
San Jose Sharks,Los Angeles Kings,4.45,1.61,5.0
Winnipeg Jets,Detroit Red Wings,2.01,3.05,4.65
Washington Capitals,NY Islanders,2.31,2.6,4.25
Los Angeles Kings,Seattle Kraken,1.92,3.3,4.4
Buffalo Sabres,Toronto Maple Leafs,2.91,2.02,4.6
Columbus Blue Jackets,Washington Capitals,2.5,2.38,4.33
Florida Panthers,St. Louis Blues,1.75,4.0,4.7
Philadelphia Flyers,Nashville Predators,2.38,2.5,4.25
Pittsburgh Penguins,Carolina Hurricanes,2.8,2.13,4.45
Tampa Bay Lightning,Vegas Golden Knights,2.35,2.5,4.4
New Jersey Devils,Edmonton Oilers,2.6,2.51,4.55
Dallas Stars,Vancouver Canucks,2.13,2.8,4.4
Minnesota Wild,Montreal Canadiens,1.9,3.3,4.45
Colorado Avalanche,Ottawa Senators,1.89,3.34,4.65
Anaheim Ducks,Calgary Flames,3.58,1.81,4.6
San Jose Sharks,Arizona Coyotes,3.0,2.03,4.45
Detroit Red Wings,Philadelphia Flyers,2.17,2.75,4.4
NY Rangers,Edmonton Oilers,2.2,2.78,4.4
Winnipeg Jets,Boston Bruins,2.5,2.4,4.2
Chicago Blackhawks,Montreal Canadiens,2.36,2.52,4.3
Nashville Predators,Dallas Stars,2.65,2.26,4.35
Florida Panthers,Vegas Golden Knights,2.13,2.84,4.5
Minnesota Wild,Boston Bruins,2.82,2.15,4.3
Columbus Blue Jackets,Toronto Maple Leafs,4.0,1.7,4.95
New Jersey Devils,Detroit Red Wings,1.79,3.5,4.8
Ottawa Senators,Pittsburgh Penguins,2.39,2.49,4.45
Washington Capitals,Tampa Bay Lightning,2.98,2.24,4.5
Carolina Hurricanes,NY Islanders,1.9,3.32,4.5
NY Rangers,Buffalo Sabres,1.92,3.22,4.6
Anaheim Ducks,Seattle Kraken,3.0,2.03,4.4
St. Louis Blues,Chicago Blackhawks,1.6,4.55,4.95
Colorado Avalanche,Arizona Coyotes,1.74,3.75,4.7
Los Angeles Kings,Calgary Flames,1.98,3.13,4.4
Vancouver Canucks,San Jose Sharks,1.52,5.25,5.35
New Jersey Devils,Columbus Blue Jackets,1.66,4.33,5.05
NY Rangers,Washington Capitals,1.86,4.0,4.7
Tampa Bay Lightning,Florida Panthers,2.63,2.6,4.45
Toronto Maple Leafs,Ottawa Senators,2.01,3.75,4.8
Buffalo Sabres,Boston Bruins,3.1,2.12,4.55
NY Islanders,Pittsburgh Penguins,2.34,2.7,4.4
Minnesota Wild,Detroit Red Wings,2.12,2.9,4.55
Nashville Predators,Carolina Hurricanes,2.8,2.18,4.45
St. Louis Blues,Dallas Stars,3.2,2.07,4.65
Arizona Coyotes,Colorado Avalanche,3.4,1.95,4.6
Chicago Blackhawks,Winnipeg Jets,4.2,1.78,4.8
Calgary Flames,Seattle Kraken,2.07,2.95,4.4
Anaheim Ducks,Vegas Golden Knights,4.0,1.84,4.85
Los Angeles Kings,San Jose Sharks,1.47,5.75,5.4
Carolina Hurricanes,Montreal Canadiens,1.65,4.33,4.95
Vancouver Canucks,Philadelphia Flyers,2.02,3.05,4.5
Vegas Golden Knights,Los Angeles Kings,2.4,2.43,4.45
San Jose Sharks,Edmonton Oilers,6.5,1.38,6.1
Detroit Red Wings,Nashville Predators,2.38,2.45,4.55
Florida Panthers,NY Rangers,2.11,2.9,4.5
Ottawa Senators,New Jersey Devils,2.45,2.32,4.65
Columbus Blue Jackets,Toronto Maple Leafs,3.8,1.77,4.9
NY Islanders,Washington Capitals,2.17,3.16,4.4
Dallas Stars,Chicago Blackhawks,1.44,5.75,5.45
St. Louis Blues,Colorado Avalanche,3.05,1.98,4.65
Anaheim Ducks,Arizona Coyotes,2.75,2.17,4.45
Seattle Kraken,Philadelphia Flyers,2.2,2.8,4.35
Buffalo Sabres,Columbus Blue Jackets,1.8,3.7,4.9
Boston Bruins,New Jersey Devils,1.98,3.13,4.4
Florida Panthers,Montreal Canadiens,1.65,4.3,5.0
Pittsburgh Penguins,St. Louis Blues,1.76,3.7,4.75
Tampa Bay Lightning,NY Rangers,2.5,2.58,4.65
Toronto Maple Leafs,Carolina Hurricanes,2.59,2.28,4.5
Washington Capitals,Nashville Predators,2.5,2.4,4.45
Los Angeles Kings,Edmonton Oilers,2.3,2.52,4.6
Minnesota Wild,Winnipeg Jets,2.65,2.29,4.33
Detroit Red Wings,Boston Bruins,2.86,2.31,4.5
Ottawa Senators,Buffalo Sabres,2.01,2.95,4.75
Pittsburgh Penguins,NY Islanders,2.45,2.45,4.45
Tampa Bay Lightning,Montreal Canadiens,1.79,3.6,4.8
Anaheim Ducks,Edmonton Oilers,3.85,1.75,4.9
Calgary Flames,Philadelphia Flyers,2.1,2.95,4.6
Colorado Avalanche,San Jose Sharks,1.41,6.1,5.75
Dallas Stars,Chicago Blackhawks,1.44,6.0,5.55
Seattle Kraken,Vegas Golden Knights,2.84,2.18,4.4
Columbus Blue Jackets,Boston Bruins,4.0,1.73,4.75
NY Rangers,Carolina Hurricanes,2.26,2.65,4.3
Pittsburgh Penguins,Washington Capitals,1.93,3.6,4.8
Dallas Stars,Montreal Canadiens,1.57,4.85,5.15
Minnesota Wild,Calgary Flames,2.5,2.4,4.3
Nashville Predators,Chicago Blackhawks,1.63,4.65,5.05
Winnipeg Jets,Tampa Bay Lightning,2.12,2.82,4.4
Arizona Coyotes,Florida Panthers,3.2,2.0,4.45
Colorado Avalanche,NY Islanders,1.94,3.44,4.6
Edmonton Oilers,Philadelphia Flyers,1.85,3.35,4.65
Vancouver Canucks,Ottawa Senators,2.0,3.05,4.55
Los Angeles Kings,Toronto Maple Leafs,2.18,2.75,4.45
San Jose Sharks,Detroit Red Wings,3.75,1.8,4.7
Washington Capitals,New Jersey Devils,3.2,1.95,4.5
Anaheim Ducks,Toronto Maple Leafs,4.1,1.71,4.85
Boston Bruins,Pittsburgh Penguins,2.15,3.18,4.45
Montreal Canadiens,Buffalo Sabres,3.15,2.08,4.6
NY Rangers,Chicago Blackhawks,1.39,6.5,5.75
Philadelphia Flyers,Columbus Blue Jackets,1.9,3.3,4.6
Dallas Stars,Colorado Avalanche,2.2,2.65,4.5
Minnesota Wild,Tampa Bay Lightning,2.66,2.23,4.45
Nashville Predators,Calgary Flames,2.3,2.65,4.4
St. Louis Blues,Vancouver Canucks,2.94,2.06,4.6
Arizona Coyotes,NY Islanders,2.5,2.35,4.4
Seattle Kraken,Ottawa Senators,2.25,2.61,4.5
Vegas Golden Knights,Florida Panthers,2.56,2.32,4.25
Los Angeles Kings,Detroit Red Wings,1.87,3.4,4.65
San Jose Sharks,Winnipeg Jets,4.5,1.62,4.95
New Jersey Devils,Chicago Blackhawks,1.39,6.3,5.95
Washington Capitals,Carolina Hurricanes,3.42,1.89,4.35
Anaheim Ducks,Winnipeg Jets,3.52,1.88,4.4
Philadelphia Flyers,Calgary Flames,2.45,2.46,4.15
Colorado Avalanche,Florida Panthers,2.43,2.45,4.3
San Jose Sharks,Toronto Maple Leafs,4.75,1.56,5.1
Boston Bruins,Tampa Bay Lightning,2.02,3.05,4.3
Columbus Blue Jackets,Minnesota Wild,2.72,2.22,4.25
Montreal Canadiens,NY Rangers,3.5,1.82,4.6
New Jersey Devils,Vancouver Canucks,2.6,2.29,4.33
Pittsburgh Penguins,Buffalo Sabres,1.94,3.1,4.6
Carolina Hurricanes,St. Louis Blues,1.81,3.6,4.75
Dallas Stars,Nashville Predators,1.91,3.25,4.55
Vegas Golden Knights,NY Islanders,2.22,3.02,4.5
Edmonton Oilers,Ottawa Senators,1.75,3.75,4.85
Chicago Blackhawks,Calgary Flames,4.33,1.66,4.8
Washington Capitals,Los Angeles Kings,3.54,1.86,4.5
Arizona Coyotes,Winnipeg Jets,2.96,2.07,4.3
Anaheim Ducks,Detroit Red Wings,3.1,2.01,4.6
NY Rangers,Vancouver Canucks,2.07,2.9,4.4
Philadelphia Flyers,Pittsburgh Penguins,2.67,2.27,4.4
Minnesota Wild,Dallas Stars,2.86,2.13,4.4
Colorado Avalanche,Boston Bruins,2.22,2.7,4.3
Buffalo Sabres,Seattle Kraken,2.4,2.45,4.45
Tampa Bay Lightning,Los Angeles Kings,2.9,2.34,4.33
Toronto Maple Leafs,San Jose Sharks,1.41,6.5,5.8
NY Islanders,Vancouver Canucks,2.22,2.68,4.3
Nashville Predators,Anaheim Ducks,1.71,4.0,4.75
St. Louis Blues,Florida Panthers,3.35,1.9,4.6
Winnipeg Jets,Columbus Blue Jackets,1.61,4.75,4.95
Chicago Blackhawks,Edmonton Oilers,6.5,1.39,6.0
Arizona Coyotes,Boston Bruins,3.1,2.02,4.35
Calgary Flames,Ottawa Senators,2.18,2.75,4.55
Philadelphia Flyers,Montreal Canadiens,1.86,3.5,4.5
Dallas Stars,Minnesota Wild,1.82,3.55,4.5
Colorado Avalanche,Vegas Golden Knights,2.1,2.92,4.3
Buffalo Sabres,Ottawa Senators,2.21,2.65,4.6
Carolina Hurricanes,Anaheim Ducks,1.48,5.5,5.4
Detroit Red Wings,Edmonton Oilers,3.05,1.97,4.8
Florida Panthers,Los Angeles Kings,2.11,2.88,4.45
Montreal Canadiens,San Jose Sharks,2.01,3.1,4.5
Pittsburgh Penguins,Vancouver Canucks,2.24,2.65,4.55
Tampa Bay Lightning,New Jersey Devils,2.02,3.0,4.7
Washington Capitals,Seattle Kraken,2.75,2.21,4.35
NY Islanders,Toronto Maple Leafs,2.67,2.22,4.55
St. Louis Blues,NY Rangers,3.15,1.97,4.5
Winnipeg Jets,Chicago Blackhawks,1.45,6.1,5.45
Arizona Coyotes,Calgary Flames,2.84,2.16,4.55
Vegas Golden Knights,Boston Bruins,2.79,2.35,4.55
Dallas Stars,Nashville Predators,1.9,3.3,4.7
Minnesota Wild,Philadelphia Flyers,2.49,2.65,4.35
Washington Capitals,NY Rangers,3.2,2.08,4.75
Buffalo Sabres,Vancouver Canucks,2.9,2.05,4.7
Ottawa Senators,San Jose Sharks,1.67,4.2,5.0
Florida Panthers,New Jersey Devils,1.73,3.9,4.9
Winnipeg Jets,Philadelphia Flyers,1.8,3.65,4.6
Carolina Hurricanes,Pittsburgh Penguins,2.1,2.85,4.55
Columbus Blue Jackets,Seattle Kraken,3.15,1.99,4.5
Detroit Red Wings,Los Angeles Kings,3.05,2.04,4.55
Montreal Canadiens,Edmonton Oilers,4.2,1.67,5.0
Tampa Bay Lightning,Anaheim Ducks,1.62,4.5,4.95
Toronto Maple Leafs,Colorado Avalanche,2.29,2.6,4.6
Chicago Blackhawks,Dallas Stars,4.5,1.63,4.85
Minnesota Wild,Arizona Coyotes,2.21,2.7,4.4
Nashville Predators,NY Islanders,2.53,2.37,4.45
St. Louis Blues,Boston Bruins,3.25,1.95,4.55
Vegas Golden Knights,Calgary Flames,2.4,2.5,4.4
NY Rangers,Washington Capitals,1.67,4.33,4.85
Buffalo Sabres,San Jose Sharks,1.61,4.75,5.1
Boston Bruins,New Jersey Devils,1.97,3.54,4.7
Columbus Blue Jackets,Vancouver Canucks,3.64,1.77,4.85
Florida Panthers,Anaheim Ducks,1.45,6.0,5.65
Pittsburgh Penguins,Seattle Kraken,2.05,3.0,4.35
Carolina Hurricanes,Los Angeles Kings,2.06,2.95,4.4
Minnesota Wild,NY Islanders,2.33,2.7,4.3
Vegas Golden Knights,Nashville Predators,2.4,2.46,4.25
Montreal Canadiens,Colorado Avalanche,3.72,1.77,4.65
St. Louis Blues,Philadelphia Flyers,2.39,2.45,4.3
NY Rangers,Seattle Kraken,1.73,4.0,4.7
Ottawa Senators,Colorado Avalanche,2.51,2.32,4.7
Washington Capitals,Anaheim Ducks,1.92,3.35,4.55
Dallas Stars,Los Angeles Kings,2.16,2.75,4.55
Winnipeg Jets,NY Islanders,1.93,3.86,4.45
Chicago Blackhawks,San Jose Sharks,2.07,3.0,4.3
Calgary Flames,Arizona Coyotes,2.03,3.1,4.6
Edmonton Oilers,Toronto Maple Leafs,2.02,3.0,4.7
Florida Panthers,Detroit Red Wings,1.77,3.6,4.8
New Jersey Devils,Montreal Canadiens,1.9,3.35,4.6
Boston Bruins,Colorado Avalanche,2.06,2.9,4.6
Ottawa Senators,Montreal Canadiens,1.88,3.35,4.85
Philadelphia Flyers,Dallas Stars,2.75,2.16,4.4
Tampa Bay Lightning,Minnesota Wild,2.13,2.79,4.55
Washington Capitals,St. Louis Blues,2.37,2.5,4.4
Buffalo Sabres,Chicago Blackhawks,1.59,4.6,5.05
Calgary Flames,Toronto Maple Leafs,2.75,2.17,4.6
Edmonton Oilers,Seattle Kraken,1.73,4.0,4.85
Los Angeles Kings,Nashville Predators,2.1,2.88,4.5
Vancouver Canucks,Arizona Coyotes,1.76,3.7,4.85
Vegas Golden Knights,NY Rangers,3.02,2.23,4.45
Carolina Hurricanes,Detroit Red Wings,1.84,3.95,4.85
Columbus Blue Jackets,New Jersey Devils,3.1,2.03,4.7
Florida Panthers,Minnesota Wild,1.81,3.75,4.75
Chicago Blackhawks,NY Islanders,4.5,1.72,4.85
Buffalo Sabres,Tampa Bay Lightning,2.8,2.39,4.55
Philadelphia Flyers,Colorado Avalanche,2.95,2.35,4.45
Arizona Coyotes,Nashville Predators,2.8,2.23,4.45
Ottawa Senators,Winnipeg Jets,2.95,2.12,4.5
Vancouver Canucks,Toronto Maple Leafs,2.23,2.75,4.55
Boston Bruins,Montreal Canadiens,1.6,4.75,5.05
New Jersey Devils,Dallas Stars,2.85,2.18,4.55
St. Louis Blues,Washington Capitals,2.3,2.65,4.35
San Jose Sharks,Anaheim Ducks,2.7,2.3,4.45
Vegas Golden Knights,Pittsburgh Penguins,2.75,2.38,4.3
Calgary Flames,Edmonton Oilers,3.25,2.0,4.75
Los Angeles Kings,NY Rangers,2.38,2.77,4.5
Philadelphia Flyers,Ottawa Senators,2.15,2.92,4.65
Carolina Hurricanes,Minnesota Wild,1.86,3.75,4.65
Detroit Red Wings,Tampa Bay Lightning,2.56,2.43,4.33
NY Islanders,Dallas Stars,2.5,2.7,4.55
Anaheim Ducks,NY Rangers,4.0,1.74,4.75
Seattle Kraken,Toronto Maple Leafs,2.5,2.38,4.35
Boston Bruins,Winnipeg Jets,2.21,3.04,4.5
New Jersey Devils,Vegas Golden Knights,2.32,2.55,4.4
Nashville Predators,Florida Panthers,2.8,2.2,4.4
Arizona Coyotes,Pittsburgh Penguins,3.05,2.02,4.5
Vancouver Canucks,Chicago Blackhawks,1.38,6.7,5.8
Los Angeles Kings,San Jose Sharks,1.43,6.25,5.55
Detroit Red Wings,Dallas Stars,2.88,2.15,4.6
Montreal Canadiens,Ottawa Senators,2.95,2.05,4.7
Philadelphia Flyers,Tampa Bay Lightning,2.61,2.48,4.6
NY Islanders,Vegas Golden Knights,2.06,3.0,4.4
Minnesota Wild,Washington Capitals,1.98,3.15,4.45
Calgary Flames,St. Louis Blues,1.95,3.13,4.55
Edmonton Oilers,Columbus Blue Jackets,1.43,6.0,5.75
Anaheim Ducks,Buffalo Sabres,3.15,1.97,4.55
San Jose Sharks,NY Rangers,5.5,1.47,5.35
Florida Panthers,Arizona Coyotes,1.68,4.33,4.85
Toronto Maple Leafs,Winnipeg Jets,2.12,2.92,4.33
Boston Bruins,Carolina Hurricanes,2.16,3.06,4.7
Colorado Avalanche,Washington Capitals,1.64,4.5,5.0
Seattle Kraken,Chicago Blackhawks,1.56,5.0,4.95
Vancouver Canucks,St. Louis Blues,1.65,4.33,4.95
Los Angeles Kings,Buffalo Sabres,1.81,3.55,4.7
Detroit Red Wings,Philadelphia Flyers,2.35,2.5,4.5
Montreal Canadiens,NY Islanders,3.04,2.05,4.55
Ottawa Senators,Boston Bruins,2.93,2.16,4.6
Tampa Bay Lightning,Arizona Coyotes,1.74,4.0,4.85
Carolina Hurricanes,New Jersey Devils,2.07,3.28,4.65
Dallas Stars,Anaheim Ducks,1.51,5.05,5.4
Minnesota Wild,Nashville Predators,2.32,2.55,4.33
Calgary Flames,Columbus Blue Jackets,1.81,3.55,4.8
Edmonton Oilers,Chicago Blackhawks,1.29,8.25,6.7
NY Rangers,Vegas Golden Knights,1.98,3.13,4.45
Pittsburgh Penguins,Florida Panthers,2.7,2.22,4.5
Colorado Avalanche,Los Angeles Kings,2.05,2.95,4.55
Seattle Kraken,St. Louis Blues,1.92,3.3,4.45
Philadelphia Flyers,Boston Bruins,3.05,2.02,4.4
Dallas Stars,Washington Capitals,1.7,4.33,4.7
San Jose Sharks,Buffalo Sabres,3.65,1.82,4.6
Edmonton Oilers,Nashville Predators,1.74,4.0,4.85
Winnipeg Jets,Toronto Maple Leafs,2.28,2.89,4.55
Carolina Hurricanes,Arizona Coyotes,1.69,4.33,4.75
Ottawa Senators,NY Rangers,2.39,2.47,4.5
Pittsburgh Penguins,Montreal Canadiens,1.73,4.0,4.8
Tampa Bay Lightning,New Jersey Devils,2.03,2.95,4.5
NY Islanders,Florida Panthers,2.86,2.16,4.45
Detroit Red Wings,Vegas Golden Knights,2.17,2.76,4.33
Minnesota Wild,Anaheim Ducks,1.71,4.2,4.75
Vancouver Canucks,Columbus Blue Jackets,1.58,4.55,5.15
Calgary Flames,Chicago Blackhawks,1.56,4.9,4.9
St. Louis Blues,Los Angeles Kings,3.05,2.02,4.5
Seattle Kraken,Columbus Blue Jackets,1.65,4.33,4.95
Ottawa Senators,Nashville Predators,2.5,2.45,4.45
St. Louis Blues,Columbus Blue Jackets,2.0,3.05,4.6
San Jose Sharks,Seattle Kraken,4.2,1.68,4.75
Detroit Red Wings,Ottawa Senators,2.37,2.58,4.45
Nashville Predators,Los Angeles Kings,2.59,2.32,4.2
Anaheim Ducks,San Jose Sharks,1.86,3.48,4.5
NY Rangers,Colorado Avalanche,2.55,2.39,4.35
Toronto Maple Leafs,NY Islanders,2.05,3.0,4.4
Boston Bruins,Calgary Flames,1.83,3.5,4.65
Buffalo Sabres,Dallas Stars,2.96,2.03,4.45
Carolina Hurricanes,Vancouver Canucks,2.11,2.9,4.5
Florida Panthers,Philadelphia Flyers,1.82,3.55,4.6
Pittsburgh Penguins,Winnipeg Jets,2.45,2.45,4.3
Washington Capitals,Montreal Canadiens,2.02,3.05,4.4
New Jersey Devils,Colorado Avalanche,2.45,2.36,4.6
Vegas Golden Knights,Edmonton Oilers,3.15,2.16,4.5
NY Rangers,Tampa Bay Lightning,2.29,2.8,4.35
Toronto Maple Leafs,Dallas Stars,2.16,2.88,4.35
Chicago Blackhawks,Minnesota Wild,4.2,1.81,4.5
Boston Bruins,Vancouver Canucks,2.25,2.94,4.55
Florida Panthers,Washington Capitals,1.62,4.5,4.95
New Jersey Devils,Calgary Flames,2.16,2.8,4.55
Philadelphia Flyers,Winnipeg Jets,2.75,2.19,4.33
NY Islanders,Tampa Bay Lightning,2.07,2.9,4.6
Arizona Coyotes,Vegas Golden Knights,2.85,2.18,4.4
Minnesota Wild,Pittsburgh Penguins,2.71,2.22,4.35
Chicago Blackhawks,NY Rangers,5.1,1.55,5.0
Anaheim Ducks,Edmonton Oilers,4.6,1.59,5.0
Buffalo Sabres,St. Louis Blues,1.98,3.1,4.4
Detroit Red Wings,Vancouver Canucks,2.75,2.17,4.4
Montreal Canadiens,Dallas Stars,4.0,1.72,4.75
NY Islanders,Calgary Flames,2.38,2.55,4.3
Boston Bruins,Washington Capitals,1.6,4.75,4.95
Florida Panthers,Colorado Avalanche,2.25,2.94,4.55
Winnipeg Jets,Pittsburgh Penguins,2.03,3.1,4.35
Carolina Hurricanes,New Jersey Devils,1.96,3.15,4.55
Columbus Blue Jackets,Tampa Bay Lightning,3.22,1.91,4.7
Ottawa Senators,Toronto Maple Leafs,2.78,2.16,4.5
Philadelphia Flyers,Seattle Kraken,2.44,2.45,4.25
Nashville Predators,Arizona Coyotes,2.08,3.0,4.33
Los Angeles Kings,Edmonton Oilers,2.65,2.27,4.4
Montreal Canadiens,St. Louis Blues,2.6,2.3,4.4
Washington Capitals,Vancouver Canucks,3.3,1.91,4.55
New Jersey Devils,Seattle Kraken,2.18,2.85,4.45
NY Rangers,Calgary Flames,2.03,3.1,4.35
Philadelphia Flyers,Arizona Coyotes,2.05,3.05,4.3
Vegas Golden Knights,Minnesota Wild,2.07,2.98,4.33
Boston Bruins,Tampa Bay Lightning,2.15,3.16,4.5
Buffalo Sabres,Los Angeles Kings,3.0,2.17,4.45
Montreal Canadiens,Anaheim Ducks,2.32,2.95,4.45
Ottawa Senators,Columbus Blue Jackets,1.9,3.6,4.8
Toronto Maple Leafs,St. Louis Blues,1.82,3.6,4.75
Washington Capitals,Colorado Avalanche,3.4,1.95,4.6
NY Islanders,Seattle Kraken,2.05,3.25,4.4
Dallas Stars,Carolina Hurricanes,2.34,2.63,4.3
Nashville Predators,New Jersey Devils,2.21,2.88,4.5
Chicago Blackhawks,Vancouver Canucks,4.75,1.61,5.1
Edmonton Oilers,Detroit Red Wings,1.73,4.33,4.9
Winnipeg Jets,San Jose Sharks,1.38,7.0,5.75
Pittsburgh Penguins,Florida Panthers,2.78,2.22,4.45
Arizona Coyotes,Minnesota Wild,2.6,2.31,4.45
Boston Bruins,Seattle Kraken,1.84,3.75,4.5
Buffalo Sabres,Florida Panthers,3.15,2.1,4.45
New Jersey Devils,Los Angeles Kings,2.38,2.7,4.55
NY Rangers,Montreal Canadiens,1.65,4.75,4.8
Ottawa Senators,Anaheim Ducks,1.79,4.2,4.95
Tampa Bay Lightning,Colorado Avalanche,2.45,2.76,4.55
Toronto Maple Leafs,Philadelphia Flyers,2.08,3.0,4.35
St. Louis Blues,Edmonton Oilers,4.0,1.81,4.7
Nashville Predators,Dallas Stars,3.0,2.16,4.45
Chicago Blackhawks,Pittsburgh Penguins,3.95,1.86,4.4
Calgary Flames,San Jose Sharks,1.51,6.0,5.15
Vancouver Canucks,Detroit Red Wings,1.91,3.45,4.7
Arizona Coyotes,Carolina Hurricanes,3.95,1.91,4.7
Boston Bruins,Los Angeles Kings,2.02,3.2,4.33
Dallas Stars,Edmonton Oilers,2.27,2.62,4.5
Chicago Blackhawks,Ottawa Senators,3.45,1.85,4.6
Calgary Flames,Detroit Red Wings,2.1,2.91,4.45
Minnesota Wild,Buffalo Sabres,2.12,3.0,4.4
St. Louis Blues,Nashville Predators,2.6,2.29,4.3
Tampa Bay Lightning,Florida Panthers,2.63,2.27,4.33
Montreal Canadiens,Washington Capitals,2.55,2.32,4.25
Toronto Maple Leafs,Anaheim Ducks,1.58,4.75,5.1
New Jersey Devils,Philadelphia Flyers,2.14,2.9,4.3
Vancouver Canucks,Winnipeg Jets,2.32,2.6,4.2
San Jose Sharks,Columbus Blue Jackets,2.95,2.08,4.4
Vegas Golden Knights,Carolina Hurricanes,2.45,2.68,4.5
NY Islanders,NY Rangers,2.93,2.12,4.4
Colorado Avalanche,Arizona Coyotes,1.64,4.5,5.0
Pittsburgh Penguins,Los Angeles Kings,2.17,2.75,4.3
Buffalo Sabres,Anaheim Ducks,1.83,3.65,4.45
St. Louis Blues,Toronto Maple Leafs,3.05,2.03,4.6
Boston Bruins,Dallas Stars,2.21,2.96,4.7
Minnesota Wild,Vancouver Canucks,2.65,2.25,4.45
Seattle Kraken,Detroit Red Wings,2.15,2.8,4.45
San Jose Sharks,Vegas Golden Knights,4.75,1.64,4.8
Arizona Coyotes,Edmonton Oilers,4.5,1.59,5.15
Calgary Flames,Winnipeg Jets,2.7,2.27,4.3
Carolina Hurricanes,Chicago Blackhawks,1.42,6.0,5.5
Tampa Bay Lightning,Ottawa Senators,1.9,3.3,4.75
Florida Panthers,Ottawa Senators,1.59,4.5,5.15
NY Rangers,Dallas Stars,2.15,2.8,4.5
Pittsburgh Penguins,NY Islanders,2.2,2.75,4.4
Washington Capitals,New Jersey Devils,3.15,1.99,4.6
Winnipeg Jets,Minnesota Wild,2.08,2.95,4.4
Colorado Avalanche,Vancouver Canucks,2.19,3.02,4.65
Vegas Golden Knights,Nashville Predators,2.05,3.0,4.5
Los Angeles Kings,Columbus Blue Jackets,1.69,4.33,4.85
Montreal Canadiens,Buffalo Sabres,2.85,2.12,4.55
Chicago Blackhawks,Philadelphia Flyers,4.33,1.69,4.75
Anaheim Ducks,Columbus Blue Jackets,2.38,2.6,4.55
Arizona Coyotes,Toronto Maple Leafs,3.35,1.9,4.7
Edmonton Oilers,Boston Bruins,2.21,2.96,4.7
Carolina Hurricanes,Florida Panthers,2.32,2.55,4.4
Detroit Red Wings,Colorado Avalanche,2.75,2.17,4.65
New Jersey Devils,NY Rangers,2.42,2.45,4.5
Ottawa Senators,Dallas Stars,3.15,1.96,4.5
Pittsburgh Penguins,Montreal Canadiens,1.6,4.6,5.05
Tampa Bay Lightning,Washington Capitals,1.93,3.7,4.65
St. Louis Blues,NY Islanders,2.61,2.29,4.45
Calgary Flames,Boston Bruins,2.56,2.32,4.3
Seattle Kraken,Vancouver Canucks,2.82,2.15,4.45
Vegas Golden Knights,Toronto Maple Leafs,2.45,2.42,4.4
Los Angeles Kings,Nashville Predators,2.07,2.95,4.45
Columbus Blue Jackets,Buffalo Sabres,2.95,2.05,4.65
Chicago Blackhawks,Winnipeg Jets,5.0,1.6,4.8
Edmonton Oilers,Minnesota Wild,1.88,3.4,4.8
Detroit Red Wings,St. Louis Blues,2.1,2.96,4.5
New Jersey Devils,Montreal Canadiens,1.7,4.2,5.0
NY Islanders,Tampa Bay Lightning,2.45,2.39,4.33
Philadelphia Flyers,NY Rangers,2.83,2.17,4.25
Florida Panthers,Washington Capitals,1.69,4.2,4.8
Vancouver Canucks,Boston Bruins,2.47,2.66,4.5
Colorado Avalanche,Toronto Maple Leafs,2.27,2.6,4.5
Ottawa Senators,Vegas Golden Knights,2.33,2.55,4.3
Carolina Hurricanes,Dallas Stars,2.16,2.8,4.3
Seattle Kraken,Minnesota Wild,2.11,2.95,4.3
San Jose Sharks,Nashville Predators,4.2,1.72,4.8
Edmonton Oilers,Calgary Flames,1.86,3.4,4.8
Los Angeles Kings,Anaheim Ducks,1.6,4.75,5.0
New Jersey Devils,Tampa Bay Lightning,2.17,2.91,5.05
Pittsburgh Penguins,Philadelphia Flyers,1.93,3.35,4.5
Chicago Blackhawks,Detroit Red Wings,3.2,1.97,4.5
Winnipeg Jets,Arizona Coyotes,1.73,4.2,4.65
Buffalo Sabres,Carolina Hurricanes,2.85,2.16,4.45
Columbus Blue Jackets,NY Rangers,3.2,1.96,4.55
Anaheim Ducks,Nashville Predators,3.2,1.96,4.6
Washington Capitals,Ottawa Senators,2.8,2.19,4.4
Dallas Stars,NY Islanders,1.96,3.22,4.5
Edmonton Oilers,Los Angeles Kings,1.98,3.1,4.5
Seattle Kraken,Boston Bruins,2.95,2.11,4.25
Toronto Maple Leafs,Vegas Golden Knights,1.97,3.15,4.55
Detroit Red Wings,Washington Capitals,1.93,3.25,4.6
Florida Panthers,Buffalo Sabres,1.72,4.0,4.8
Montreal Canadiens,Arizona Coyotes,2.55,2.38,4.45
Philadelphia Flyers,Tampa Bay Lightning,2.75,2.22,4.45
Minnesota Wild,Carolina Hurricanes,2.9,2.12,4.45
Nashville Predators,Ottawa Senators,2.07,2.95,4.55
Winnipeg Jets,St. Louis Blues,1.86,3.45,4.55
Calgary Flames,Los Angeles Kings,2.26,2.65,4.33
Colorado Avalanche,Dallas Stars,2.25,2.85,4.8
Vancouver Canucks,Pittsburgh Penguins,2.06,3.0,4.5
San Jose Sharks,New Jersey Devils,4.5,1.62,5.0
NY Rangers,Columbus Blue Jackets,1.64,4.5,5.0
Edmonton Oilers,St. Louis Blues,1.57,4.75,5.15
Boston Bruins,Vegas Golden Knights,2.11,3.32,4.35
Columbus Blue Jackets,Carolina Hurricanes,4.75,1.57,5.15
Detroit Red Wings,NY Islanders,2.41,2.48,4.15
Florida Panthers,Montreal Canadiens,1.51,5.25,5.2
Tampa Bay Lightning,Buffalo Sabres,2.02,3.1,4.55
Toronto Maple Leafs,Arizona Coyotes,1.7,4.0,4.85
Dallas Stars,Winnipeg Jets,2.21,2.8,4.2
Nashville Predators,Minnesota Wild,2.39,2.5,4.45
Chicago Blackhawks,Colorado Avalanche,4.55,1.62,4.95
Seattle Kraken,Pittsburgh Penguins,2.39,2.5,4.25
Vancouver Canucks,Los Angeles Kings,2.07,2.95,4.5
San Jose Sharks,Anaheim Ducks,2.7,2.22,4.4
Ottawa Senators,Arizona Coyotes,1.85,3.5,4.75
Washington Capitals,Philadelphia Flyers,2.85,2.2,4.25
Anaheim Ducks,New Jersey Devils,4.65,1.59,5.2
Carolina Hurricanes,Winnipeg Jets,2.03,3.06,4.33
Detroit Red Wings,Florida Panthers,3.15,1.99,4.55
Seattle Kraken,Edmonton Oilers,2.93,2.06,4.55
Nashville Predators,Colorado Avalanche,2.8,2.15,4.55
St. Louis Blues,Minnesota Wild,2.68,2.22,4.45
Buffalo Sabres,Vegas Golden Knights,2.5,2.39,4.4
Philadelphia Flyers,Ottawa Senators,2.17,2.75,4.6
Tampa Bay Lightning,Montreal Canadiens,1.61,4.5,5.1
Toronto Maple Leafs,NY Rangers,2.33,2.78,4.65
NY Islanders,Boston Bruins,2.7,2.2,4.4
Chicago Blackhawks,Columbus Blue Jackets,2.9,2.07,4.5
Dallas Stars,San Jose Sharks,1.27,8.5,6.75
Calgary Flames,Pittsburgh Penguins,2.25,2.6,4.4
Washington Capitals,Arizona Coyotes,2.18,2.75,4.45
Los Angeles Kings,New Jersey Devils,2.28,2.65,4.3
Minnesota Wild,San Jose Sharks,1.49,5.5,5.3
Buffalo Sabres,Winnipeg Jets,2.55,2.32,4.3
Anaheim Ducks,Vancouver Canucks,4.5,1.62,4.95
Edmonton Oilers,Pittsburgh Penguins,1.94,3.55,4.85
Columbus Blue Jackets,Vegas Golden Knights,3.5,1.84,4.7
NY Rangers,Florida Panthers,2.66,2.27,4.33
Toronto Maple Leafs,Boston Bruins,2.31,2.85,4.55
Colorado Avalanche,Chicago Blackhawks,1.41,7.0,5.7
Calgary Flames,Seattle Kraken,2.22,2.75,4.33
New Jersey Devils,Florida Panthers,2.6,2.25,4.55
Pittsburgh Penguins,Columbus Blue Jackets,1.67,4.33,5.0
Boston Bruins,Edmonton Oilers,2.8,2.17,4.5
NY Islanders,St. Louis Blues,1.88,3.4,4.55
Nashville Predators,Montreal Canadiens,1.75,4.0,4.75
Winnipeg Jets,Seattle Kraken,2.0,3.15,4.35
Arizona Coyotes,Chicago Blackhawks,1.62,4.75,4.9
Los Angeles Kings,Vancouver Canucks,2.59,2.53,4.5
San Jose Sharks,Dallas Stars,6.5,1.41,5.65
Toronto Maple Leafs,Buffalo Sabres,1.88,3.5,4.7
Colorado Avalanche,Detroit Red Wings,1.85,3.45,4.8
Anaheim Ducks,Ottawa Senators,3.75,1.83,4.7
Boston Bruins,Toronto Maple Leafs,2.06,3.0,4.5
Carolina Hurricanes,Montreal Canadiens,1.51,5.25,5.3
Columbus Blue Jackets,Edmonton Oilers,4.75,1.56,5.3
Florida Panthers,Philadelphia Flyers,1.68,4.2,4.85
New Jersey Devils,St. Louis Blues,1.92,3.35,4.65
Pittsburgh Penguins,Washington Capitals,2.05,3.36,4.6
Tampa Bay Lightning,Calgary Flames,2.06,2.95,4.55
Nashville Predators,Buffalo Sabres,1.96,3.3,4.55
Arizona Coyotes,Minnesota Wild,2.9,2.08,4.55
Vegas Golden Knights,Vancouver Canucks,2.39,2.5,4.45
Los Angeles Kings,Ottawa Senators,1.79,3.7,4.65
San Jose Sharks,NY Islanders,4.85,1.56,5.2
Arizona Coyotes,Detroit Red Wings,2.8,2.15,4.6
Colorado Avalanche,Minnesota Wild,1.71,4.0,4.95
Anaheim Ducks,Dallas Stars,5.0,1.55,5.1
Seattle Kraken,Winnipeg Jets,2.65,2.27,4.33
Buffalo Sabres,Edmonton Oilers,3.3,1.92,4.55
Columbus Blue Jackets,Nashville Predators,3.15,1.99,4.5
New Jersey Devils,Carolina Hurricanes,3.05,2.18,4.6
Boston Bruins,Pittsburgh Penguins,1.84,3.55,4.45
Florida Panthers,Calgary Flames,1.73,4.2,4.65
San Jose Sharks,Ottawa Senators,4.0,1.73,4.9
Montreal Canadiens,Toronto Maple Leafs,3.45,1.9,4.7
Tampa Bay Lightning,Philadelphia Flyers,2.08,2.9,4.4
Washington Capitals,Chicago Blackhawks,1.73,4.2,4.65
NY Rangers,St. Louis Blues,1.77,3.8,4.65
Vancouver Canucks,Winnipeg Jets,2.11,2.9,4.3
Vegas Golden Knights,Detroit Red Wings,1.79,3.7,4.6
Los Angeles Kings,Dallas Stars,2.45,2.46,4.2
Pittsburgh Penguins,Edmonton Oilers,3.22,2.1,4.6
Minnesota Wild,Nashville Predators,2.19,2.8,4.25
Carolina Hurricanes,Calgary Flames,1.73,4.0,4.6
Chicago Blackhawks,Arizona Coyotes,3.55,1.85,4.5
Anaheim Ducks,NY Islanders,3.8,1.77,4.75
Buffalo Sabres,Detroit Red Wings,2.24,2.65,4.5
Carolina Hurricanes,NY Rangers,2.06,3.44,4.4
Montreal Canadiens,Columbus Blue Jackets,2.32,2.55,4.55
Ottawa Senators,Pittsburgh Penguins,2.62,2.32,4.5
Philadelphia Flyers,San Jose Sharks,1.49,5.3,5.3
Dallas Stars,Florida Panthers,2.4,2.46,4.45
Minnesota Wild,Arizona Coyotes,1.82,3.6,4.7
Chicago Blackhawks,Anaheim Ducks,2.38,2.63,4.4
Calgary Flames,Colorado Avalanche,3.35,1.92,4.7
Seattle Kraken,Vegas Golden Knights,3.05,2.07,4.45
Buffalo Sabres,NY Islanders,2.5,2.4,4.4
Carolina Hurricanes,Florida Panthers,2.25,2.67,4.33
Columbus Blue Jackets,Ottawa Senators,2.69,2.25,4.6
Detroit Red Wings,Arizona Coyotes,2.06,3.1,4.6
Montreal Canadiens,Boston Bruins,3.85,1.77,4.65
Pittsburgh Penguins,San Jose Sharks,1.51,5.1,5.3
Tampa Bay Lightning,NY Rangers,2.59,2.61,4.25
Philadelphia Flyers,Toronto Maple Leafs,2.55,2.38,4.3
Dallas Stars,New Jersey Devils,1.87,3.45,4.75
Minnesota Wild,Anaheim Ducks,1.57,4.75,5.1
Calgary Flames,Vegas Golden Knights,3.15,1.98,4.5
Seattle Kraken,Washington Capitals,1.96,3.25,4.4
Winnipeg Jets,Anaheim Ducks,1.39,6.3,5.8
Chicago Blackhawks,Los Angeles Kings,4.75,1.6,4.9
Detroit Red Wings,Buffalo Sabres,2.6,2.32,4.33
NY Islanders,Ottawa Senators,1.93,3.25,4.55
Pittsburgh Penguins,NY Rangers,2.55,2.38,4.3
Arizona Coyotes,New Jersey Devils,3.1,1.99,4.6
Florida Panthers,Tampa Bay Lightning,2.0,3.2,4.5
Calgary Flames,Montreal Canadiens,1.95,3.25,4.6
Boston Bruins,Philadelphia Flyers,1.84,3.55,4.55
Columbus Blue Jackets,San Jose Sharks,1.8,3.7,4.75
Toronto Maple Leafs,Carolina Hurricanes,2.85,2.12,4.5
Dallas Stars,Los Angeles Kings,1.98,3.16,4.4
St. Louis Blues,Minnesota Wild,2.7,2.25,4.25
Seattle Kraken,Nashville Predators,2.64,2.32,4.2
Vancouver Canucks,Washington Capitals,1.8,4.2,5.0
Edmonton Oilers,Colorado Avalanche,2.18,2.75,4.5
NY Rangers,NY Islanders,2.07,3.0,4.4
Vegas Golden Knights,New Jersey Devils,1.95,3.68,4.55
Chicago Blackhawks,San Jose Sharks,1.92,3.35,4.4
Columbus Blue Jackets,Winnipeg Jets,4.5,1.66,4.85
Ottawa Senators,Carolina Hurricanes,3.85,1.75,4.75
Pittsburgh Penguins,Detroit Red Wings,2.12,2.85,4.4
St. Louis Blues,Anaheim Ducks,1.75,3.95,4.8
Calgary Flames,Washington Capitals,2.22,2.85,4.2
Seattle Kraken,Buffalo Sabres,2.37,2.6,4.25
Boston Bruins,Ottawa Senators,1.74,4.2,4.8
Detroit Red Wings,Columbus Blue Jackets,1.93,3.25,4.7
New Jersey Devils,Pittsburgh Penguins,2.48,2.45,4.35
NY Rangers,Winnipeg Jets,2.27,2.7,4.35
Philadelphia Flyers,Toronto Maple Leafs,2.65,2.22,4.5
NY Islanders,Carolina Hurricanes,3.05,2.04,4.45
Nashville Predators,San Jose Sharks,1.38,7.0,5.85
St. Louis Blues,Colorado Avalanche,3.8,1.75,4.85
Edmonton Oilers,Montreal Canadiens,1.45,6.0,5.5
Anaheim Ducks,Minnesota Wild,4.2,1.74,4.65
Los Angeles Kings,Chicago Blackhawks,1.49,5.75,5.2
Vancouver Canucks,Buffalo Sabres,1.81,3.65,4.7
Vegas Golden Knights,Tampa Bay Lightning,2.24,2.91,4.7
Washington Capitals,Toronto Maple Leafs,2.75,2.2,4.45
Dallas Stars,Arizona Coyotes,1.58,4.8,5.15
Los Angeles Kings,Minnesota Wild,2.07,3.0,4.4
Boston Bruins,NY Rangers,2.14,3.15,4.55
Carolina Hurricanes,Philadelphia Flyers,1.66,4.5,4.85
Detroit Red Wings,NY Islanders,2.48,2.38,4.45
New Jersey Devils,Winnipeg Jets,2.66,2.25,4.45
Ottawa Senators,St. Louis Blues,2.18,2.75,4.5
Florida Panthers,Nashville Predators,1.95,3.3,4.6
Edmonton Oilers,Buffalo Sabres,1.71,4.2,4.85
Anaheim Ducks,Chicago Blackhawks,2.29,2.6,4.4
Vancouver Canucks,Montreal Canadiens,1.61,4.75,5.0
Vegas Golden Knights,Seattle Kraken,1.85,3.5,4.55
San Jose Sharks,Tampa Bay Lightning,5.6,1.49,5.4
Washington Capitals,Carolina Hurricanes,3.45,1.89,4.55
Dallas Stars,Pittsburgh Penguins,1.83,3.6,4.7
Colorado Avalanche,Columbus Blue Jackets,1.41,6.5,5.95
Arizona Coyotes,Seattle Kraken,2.44,2.45,4.35
NY Islanders,Winnipeg Jets,2.75,2.23,4.3
Philadelphia Flyers,Boston Bruins,2.8,2.15,4.45
Minnesota Wild,St. Louis Blues,2.11,2.9,4.4
Nashville Predators,Detroit Red Wings,1.94,3.25,4.7
New Jersey Devils,Ottawa Senators,1.98,3.2,4.5
Toronto Maple Leafs,Edmonton Oilers,2.85,2.13,4.6
NY Rangers,Florida Panthers,2.37,2.53,4.25
Vancouver Canucks,Calgary Flames,1.89,3.4,4.65
Los Angeles Kings,Tampa Bay Lightning,2.32,2.84,4.55
San Jose Sharks,Chicago Blackhawks,2.55,2.33,4.45
Vegas Golden Knights,Columbus Blue Jackets,1.45,6.25,5.6
Washington Capitals,Winnipeg Jets,2.95,2.13,4.25
Colorado Avalanche,Pittsburgh Penguins,1.65,4.25,5.1
NY Islanders,New Jersey Devils,2.17,2.85,4.4
Carolina Hurricanes,Toronto Maple Leafs,1.89,4.05,4.4
Ottawa Senators,Edmonton Oilers,3.5,1.83,4.85
Philadelphia Flyers,Florida Panthers,3.06,2.06,4.35
Arizona Coyotes,Dallas Stars,3.75,1.77,4.85
Anaheim Ducks,Tampa Bay Lightning,4.2,1.73,4.85
Seattle Kraken,Montreal Canadiens,2.0,3.15,4.4
Calgary Flames,Buffalo Sabres,2.77,2.21,4.33
St. Louis Blues,Vegas Golden Knights,2.95,2.18,4.25
Vancouver Canucks,Los Angeles Kings,2.26,2.75,4.3
Florida Panthers,Boston Bruins,2.15,2.85,4.4
NY Rangers,Philadelphia Flyers,1.88,3.5,4.55
Pittsburgh Penguins,Carolina Hurricanes,3.52,1.96,4.8
Washington Capitals,Detroit Red Wings,2.26,2.65,4.45
Toronto Maple Leafs,New Jersey Devils,2.03,3.0,4.65
Nashville Predators,Vegas Golden Knights,2.07,2.95,4.5
Winnipeg Jets,Edmonton Oilers,2.7,2.22,4.45
Chicago Blackhawks,Calgary Flames,3.2,1.95,4.55
Colorado Avalanche,Montreal Canadiens,1.4,6.25,5.95
Arizona Coyotes,Columbus Blue Jackets,1.97,3.25,4.65
Seattle Kraken,Anaheim Ducks,1.83,3.55,4.55
San Jose Sharks,Dallas Stars,6.3,1.44,5.55
Buffalo Sabres,Ottawa Senators,2.2,2.85,4.5
Tampa Bay Lightning,Boston Bruins,2.4,2.5,4.45
Florida Panthers,NY Islanders,1.87,3.45,4.6
Montreal Canadiens,Philadelphia Flyers,3.08,2.01,4.45
Ottawa Senators,Chicago Blackhawks,1.99,3.4,4.55
Pittsburgh Penguins,Columbus Blue Jackets,1.69,4.2,4.95
Toronto Maple Leafs,Washington Capitals,1.89,3.35,4.7
Carolina Hurricanes,Detroit Red Wings,1.64,4.5,4.95
Minnesota Wild,San Jose Sharks,1.47,5.75,5.35
St. Louis Blues,Calgary Flames,2.29,2.61,4.25
Winnipeg Jets,Vegas Golden Knights,2.33,2.6,4.33
Colorado Avalanche,NY Rangers,2.1,3.0,4.55
Edmonton Oilers,Los Angeles Kings,2.01,3.1,4.55
Arizona Coyotes,Nashville Predators,3.05,2.05,4.35
Seattle Kraken,Anaheim Ducks,1.77,3.85,4.6
Vancouver Canucks,Dallas Stars,2.83,2.42,4.2
Buffalo Sabres,New Jersey Devils,2.79,2.23,4.33
Florida Panthers,Detroit Red Wings,1.78,4.2,4.8
Minnesota Wild,Vegas Golden Knights,2.63,2.33,4.3
Edmonton Oilers,Anaheim Ducks,1.37,8.65,6.6
Arizona Coyotes,NY Rangers,3.65,1.94,4.55
Colorado Avalanche,Nashville Predators,1.94,3.55,4.65
Winnipeg Jets,Ottawa Senators,1.83,3.8,4.65
Buffalo Sabres,Toronto Maple Leafs,3.05,2.05,4.6
Columbus Blue Jackets,Pittsburgh Penguins,3.2,1.97,4.65
Montreal Canadiens,Carolina Hurricanes,4.75,1.68,4.9
Philadelphia Flyers,Chicago Blackhawks,1.68,5.0,5.15
Tampa Bay Lightning,NY Islanders,2.1,3.25,4.5
Washington Capitals,Boston Bruins,3.22,2.12,4.5
St. Louis Blues,San Jose Sharks,1.51,5.5,5.4
Seattle Kraken,Dallas Stars,3.25,2.01,4.45
Calgary Flames,Los Angeles Kings,3.2,2.14,4.4
Vancouver Canucks,Anaheim Ducks,1.36,7.1,5.9
Columbus Blue Jackets,Colorado Avalanche,5.5,1.49,5.5
NY Rangers,Pittsburgh Penguins,1.85,3.5,4.65
Philadelphia Flyers,NY Islanders,2.32,2.6,4.35
Tampa Bay Lightning,Detroit Red Wings,1.87,3.45,4.7
Toronto Maple Leafs,Florida Panthers,2.73,2.24,4.3
Winnipeg Jets,Los Angeles Kings,2.32,2.6,4.3
St. Louis Blues,Edmonton Oilers,3.6,1.81,4.75
San Jose Sharks,Seattle Kraken,3.95,1.76,4.6
Buffalo Sabres,Washington Capitals,2.18,2.8,4.45
Montreal Canadiens,Florida Panthers,3.5,1.86,4.5
New Jersey Devils,Pittsburgh Penguins,1.97,3.2,4.45
NY Islanders,Chicago Blackhawks,1.69,4.33,4.75
Minnesota Wild,Ottawa Senators,2.07,2.95,4.55
Nashville Predators,Boston Bruins,2.45,2.44,4.33
Calgary Flames,Anaheim Ducks,1.7,4.2,4.75
Vegas Golden Knights,Vancouver Canucks,2.22,2.75,4.25
Toronto Maple Leafs,Tampa Bay Lightning,2.37,2.5,4.55
NY Rangers,New Jersey Devils,1.8,3.65,4.55
Dallas Stars,Edmonton Oilers,2.25,2.65,4.45
Los Angeles Kings,Seattle Kraken,1.92,3.45,4.4
Arizona Coyotes,Vancouver Canucks,2.9,2.11,4.55
Carolina Hurricanes,Boston Bruins,2.02,3.2,4.2
Columbus Blue Jackets,NY Islanders,3.55,1.85,4.65
Montreal Canadiens,Tampa Bay Lightning,3.0,2.04,4.6
Ottawa Senators,Florida Panthers,3.05,2.04,4.55
Washington Capitals,Pittsburgh Penguins,2.5,2.43,4.4
Minnesota Wild,Colorado Avalanche,3.1,2.0,4.5
Nashville Predators,St. Louis Blues,1.84,3.5,4.65
Winnipeg Jets,Calgary Flames,1.81,3.65,4.55
San Jose Sharks,Los Angeles Kings,5.25,1.54,5.05
Buffalo Sabres,Philadelphia Flyers,2.32,2.56,4.45
Carolina Hurricanes,Washington Capitals,1.72,4.75,4.75
Detroit Red Wings,NY Rangers,2.8,2.2,4.5
Edmonton Oilers,Colorado Avalanche,2.17,2.79,4.5
Anaheim Ducks,Seattle Kraken,3.25,1.94,4.45
Arizona Coyotes,Vegas Golden Knights,3.35,1.98,4.55
Pittsburgh Penguins,Tampa Bay Lightning,2.47,2.4,4.45
Boston Bruins,Florida Panthers,2.45,2.55,4.33
Chicago Blackhawks,Dallas Stars,5.7,1.5,5.2
Minnesota Wild,Winnipeg Jets,2.75,2.21,4.33
San Jose Sharks,St. Louis Blues,3.9,1.75,4.75
Columbus Blue Jackets,Philadelphia Flyers,3.2,1.97,4.55
Montreal Canadiens,Toronto Maple Leafs,3.55,1.86,4.65
Ottawa Senators,New Jersey Devils,2.7,2.22,4.6
NY Islanders,Nashville Predators,2.45,2.45,4.35
Los Angeles Kings,Vancouver Canucks,2.56,2.5,4.3
Calgary Flames,Edmonton Oilers,3.15,1.98,4.6
Detroit Red Wings,Buffalo Sabres,2.26,2.65,4.5
Chicago Blackhawks,Minnesota Wild,3.7,1.79,4.6
Carolina Hurricanes,Columbus Blue Jackets,1.33,8.5,6.35
San Jose Sharks,Arizona Coyotes,3.8,1.76,4.75
Washington Capitals,Ottawa Senators,2.1,2.9,4.5
New Jersey Devils,Nashville Predators,2.63,2.29,4.5
NY Rangers,Montreal Canadiens,1.49,5.9,5.3
Anaheim Ducks,St. Louis Blues,3.05,2.06,4.45
Colorado Avalanche,Dallas Stars,2.27,2.63,4.3
Toronto Maple Leafs,Pittsburgh Penguins,2.12,2.85,4.6
Vancouver Canucks,Vegas Golden Knights,2.31,2.6,4.4
Boston Bruins,Carolina Hurricanes,2.55,2.39,4.3
Detroit Red Wings,Washington Capitals,2.1,3.0,4.25
Florida Panthers,Ottawa Senators,1.7,4.33,4.85
Montreal Canadiens,Philadelphia Flyers,2.85,2.2,4.4
New Jersey Devils,Toronto Maple Leafs,2.75,2.32,4.55
NY Islanders,NY Rangers,2.8,2.27,4.4
Tampa Bay Lightning,Columbus Blue Jackets,1.52,5.25,5.5
Dallas Stars,Buffalo Sabres,1.81,4.0,4.7
Nashville Predators,Winnipeg Jets,2.48,2.5,4.33
Colorado Avalanche,Minnesota Wild,1.84,3.65,4.75
Anaheim Ducks,Los Angeles Kings,4.75,1.64,4.85
Seattle Kraken,Arizona Coyotes,2.11,3.05,4.45
San Jose Sharks,Calgary Flames,4.0,1.79,4.7
St. Louis Blues,Chicago Blackhawks,1.7,4.33,4.75
Edmonton Oilers,Vegas Golden Knights,2.4,2.54,4.35
Vancouver Canucks,Arizona Coyotes,1.64,4.5,4.85
Buffalo Sabres,Washington Capitals,2.18,2.8,4.4
Florida Panthers,Columbus Blue Jackets,1.44,6.3,5.55
NY Rangers,Philadelphia Flyers,1.76,3.95,4.65
Pittsburgh Penguins,Detroit Red Wings,2.11,2.96,4.6
Tampa Bay Lightning,Ottawa Senators,1.9,3.7,4.75
Toronto Maple Leafs,New Jersey Devils,1.84,3.55,4.65
NY Islanders,Montreal Canadiens,1.79,4.0,4.75
Dallas Stars,Winnipeg Jets,2.12,3.1,4.45
Seattle Kraken,San Jose Sharks,1.67,5.0,4.8
Los Angeles Kings,Calgary Flames,1.88,3.5,4.55
St. Louis Blues,Carolina Hurricanes,3.65,1.79,4.6
Chicago Blackhawks,Nashville Predators,4.5,1.65,4.85
Edmonton Oilers,Arizona Coyotes,1.6,4.5,5.05
Anaheim Ducks,Calgary Flames,2.82,2.11,4.4
Vegas Golden Knights,Minnesota Wild,1.95,3.16,4.4
NY Rangers,NY Islanders,1.93,3.18,4.5
Dallas Stars,Seattle Kraken,1.7,4.2,4.75
Colorado Avalanche,Winnipeg Jets,2.07,2.9,4.55
Florida Panthers,Buffalo Sabres,1.79,3.65,4.6
Philadelphia Flyers,New Jersey Devils,2.24,2.63,4.4
Washington Capitals,Tampa Bay Lightning,2.82,2.17,4.15
Ottawa Senators,Montreal Canadiens,1.98,3.02,4.55
Toronto Maple Leafs,Detroit Red Wings,1.97,3.2,4.7
Nashville Predators,Columbus Blue Jackets,1.61,4.5,5.0
Pittsburgh Penguins,Boston Bruins,2.7,2.27,4.25
Edmonton Oilers,Vancouver Canucks,2.39,2.45,4.45
Los Angeles Kings,Anaheim Ducks,1.48,5.75,5.25
San Jose Sharks,Minnesota Wild,3.65,1.76,4.7
St. Louis Blues,Seattle Kraken,2.16,2.73,4.4
Vegas Golden Knights,Colorado Avalanche,2.38,2.44,4.5
Chicago Blackhawks,Carolina Hurricanes,6.5,1.46,5.4
Calgary Flames,Arizona Coyotes,2.25,2.59,4.5
Detroit Red Wings,Montreal Canadiens,1.75,3.65,4.75
New Jersey Devils,NY Islanders,2.56,2.27,4.45
Pittsburgh Penguins,Nashville Predators,2.34,2.54,4.25
Tampa Bay Lightning,Buffalo Sabres,1.92,3.2,4.6
Washington Capitals,Boston Bruins,2.94,2.05,4.4
NY Rangers,Ottawa Senators,1.69,4.2,4.85
Los Angeles Kings,Minnesota Wild,1.94,3.18,4.45
Edmonton Oilers,San Jose Sharks,1.33,7.0,6.2
Boston Bruins,Ottawa Senators,1.74,4.2,4.7
Columbus Blue Jackets,Carolina Hurricanes,2.94,2.05,4.4
Montreal Canadiens,Detroit Red Wings,3.55,1.81,4.75
Philadelphia Flyers,Washington Capitals,2.27,2.7,4.35
Florida Panthers,Toronto Maple Leafs,1.99,3.14,4.25
Winnipeg Jets,Seattle Kraken,1.73,3.84,4.6
Vegas Golden Knights,Chicago Blackhawks,1.43,6.5,5.55
Vancouver Canucks,Calgary Flames,1.79,3.6,4.7
NY Islanders,Pittsburgh Penguins,2.7,2.17,4.45
Tampa Bay Lightning,Toronto Maple Leafs,2.15,2.69,4.6
Dallas Stars,St. Louis Blues,1.64,4.5,4.85
Arizona Coyotes,Edmonton Oilers,3.1,1.97,4.7
Minnesota Wild,Seattle Kraken,1.92,3.4,4.55
Winnipeg Jets,Vancouver Canucks,2.63,2.27,4.35
Calgary Flames,San Jose Sharks,1.6,4.5,5.05
Colorado Avalanche,Edmonton Oilers,1.81,4.33,4.75
Vegas Golden Knights,Anaheim Ducks,1.47,6.0,5.4
Los Angeles Kings,Chicago Blackhawks,1.44,6.5,5.5
